question,answer
"как подготовить пластиковые бутылки к сдаче","Ополосните бутылки от остатков напитка, снимите термоусадочную плёнку, смните бутылку."
"сколько раз можно переработать ПЭТ-бутылки","ПЭТ-бутылки можно перерабатывать до 35 раз."
"как подготовить макулатуру к сдаче","Убедитесь, что бумага чистая и сухая, удалите небумажные элементы (пружины, пластиковые окошки)."
"можно ли перерабатывать стекло бесконечно","Да, стекло можно перерабатывать бесконечное число раз без потери качества."
"что делают из переработанных бутылок","Из переработанных бутылок делают новую тару, одежду, утеплители, хозяйственные принадлежности."
"почему нельзя выбрасывать батарейки","Батарейки содержат токсичные вещества, которые загрязняют почву и воду."
"как подготовить стеклянные банки","Промойте банки, снимите металлические крышки (их можно сдать отдельно)."
"что относится к опасным отходам","Лампочки, ртутные градусники, батарейки, электронику, шины."
"можно ли сдавать чеки с макулатурой","Нет, чеки печатают на термобумаге с токсичным бисфенолом А, их нужно сдавать отдельно."
"куда сдать одежду","Одежду можно сдать в благотворительные организации или специальные контейнеры для текстиля."
"как подготовить флаконы от косметики","Ополосните флаконы, снимите дозаторы, удалите термоусадочные этикетки."
"почему важно перерабатывать бумагу","1 тонна переработанной бумаги сохраняет 17 деревьев и экономит 4000 кВт электроэнергии."
"что делать с блистерами от лекарств","Блистеры нужно сдавать в специализированные пункты, где их разделяют на пластик и алюминий."
"можно ли перерабатывать пластиковые карты","Да, но их принимают только в специализированных пунктах из-за сложного состава."
"как сократить отходы от контактных линз","Используйте линзы с большим сроком ношения, сдавайте упаковку на переработку."
"что делать с электронными сигаретами","Электронные сигареты можно сдать в контейнеры для батареек или специализированные пункты."  
"можно ли сдавать пластиковые бутылки с этикетками","Да, этикетки можно оставить, но термоусадочную плёнку нужно снять."  
"почему ПЭТ-бутылки нужно сминать","Сжатые бутылки занимают меньше места при хранении и транспортировке."  
"можно ли сдавать тетрапак с макулатурой","Нет, тетрапак — многослойная упаковка, его сдают отдельно."  
"как перерабатывают алюминиевые банки","Их переплавляют, экономя 95% энергии по сравнению с производством нового алюминия."  
"почему стекло не вредит природе","Стекло делают из песка и соды, но осколки опасны для животных и могут вызвать пожар."  
"что делать с испорченными продуктами","Лучше компостировать, но если нет возможности — выбрасывать в смешанные отходы."  
"можно ли сдавать лампочки накаливания","Да, но их не перерабатывают — можно выбросить в обычный мусор."  
"почему нельзя сжигать пластик","При горении пластик выделяет токсичные вещества (диоксины, бензапирен)."  
"как перерабатывают бумагу","Бумагу измельчают, очищают от примесей и превращают в новую целлюлозу."  
"почему важно снимать крышки с бутылок","Крышки делают из другого пластика/металла, их перерабатывают отдельно."  
"можно ли сдавать блистеры от таблеток","Да, но только в специализированные пункты, где их разделяют на пластик и фольгу."  
"что делать с упаковкой от яиц (пульперкартон)","Пульперкартон не принимают с макулатурой — его можно компостировать или выбросить."  
"почему энергосберегающие лампы опасны","Они содержат ртуть, поэтому их нельзя выбрасывать с обычным мусором."  
"можно ли сдавать зеркала со стеклом","Нет, зеркала имеют отражающее покрытие, их сдают отдельно или выбрасывают."  
"что делать с использованными батарейками","Их нужно сдавать в специальные контейнеры в магазинах или экоцентрах."  
"почему алюминиевые банки ценны","Они на 100% перерабатываются и экономят ресурсы при производстве новой тары."  
"можно ли сдавать грязную макулатуру","Нет, загрязнённая бумага не подходит для переработки — лучше выбросить."  
"почему важно мыть тару перед сдачей","Остатки продуктов загрязняют вторсырьё и усложняют переработку." 
"Можно ли сдавать пластиковые контейнеры от еды?","Да, если они имеют маркировку 1 (PET), 2 (HDPE) или 5 (PP), предварительно вымытые."
"Как подготовить жестяные банки к сдаче?","Промойте, удалите остатки пищи, по возможности сплющите для экономии места."
"Принимают ли на переработку зубные щетки?","Обычные зубные щетки не перерабатывают, но некоторые бренды имеют программы приема."
"Можно ли перерабатывать фольгированную упаковку?","Только чистую алюминиевую фольгу без пластикового слоя."
"Как утилизировать лампы накаливания?","Их можно выбрасывать с обычным мусором, так как они не содержат опасных веществ."
"Принимают ли на переработку пакеты из-под молока?","Да, это тетрапак, который сдают в специальные пункты приема."
"Что делать с испорченными CD-дисками?","Их можно сдать в специализированные пункты приема электронных отходов."
"Можно ли сдавать на переработку бумажные стаканчики?","Нет, из-за пластикового покрытия внутри они не подлежат переработке с бумагой."
"Как подготовить стеклянные бутылки к сдаче?","Промыть, снять крышки и кольца, этикетки можно оставить."
"Можно ли перерабатывать упаковку от чипсов?","Нет, такая многослойная упаковка не подлежит переработке."
"Как утилизировать старые кастрюли?","Металлические можно сдать в пункты приема металлолома."
"Принимают ли на переработку воздушно-пузырчатую пленку?","Да, в некоторых пунктах приема мягкого пластика."
"Что делать с битым стеклом?","Упаковать в плотный пакет и сдать в пункт приема стеклотары."
"Можно ли сдавать картонные коробки из-под пиццы?","Только если они чистые, без следов жира и пищи."
"Как подготовить аэрозольные баллончики к сдаче?","Убедитесь, что они полностью пустые, не прокалывайте и не сжимайте."
"Принимают ли на переработку пластиковые вешалки?","Зависит от типа пластика - уточняйте в местных пунктах приема."
"Что делать с вощеной бумагой?","Она не подлежит переработке, только компостированию или утилизации."
"Можно ли сдавать пластиковые карточки?","Да, но только в специализированные пункты приема."
"Как утилизировать старые полотенца?","Чистые можно отдать в приюты для животных, сильно изношенные - выбросить."
"Принимают ли на переработку флаконы от духов?","Стеклянные - да, пластиковые - зависит от маркировки."
"Что делать с пластиковыми трубочками?","Они практически не перерабатываются, лучше отказаться от использования."
"Можно ли сдавать на переработку бумажные салфетки?","Нет, использованные салфетки относятся к смешанным отходам."
"Как подготовить пластиковые канистры к сдаче?","Тщательно промыть, снять этикетки если возможно, сжать."
"Принимают ли на переработку фольгированные обертки?","Нет, такая упаковка не подлежит переработке."
"Что делать с деревянными изделиями?","Чистую древесину можно сдать на переработку или использовать как дрова."
"Можно ли сдавать на переработку пластиковые игрушки?","Обычно нет, но некоторые производители имеют программы приема."
"Как утилизировать старые зонты?","Металлические детали - в металлолом, ткань - в текстильные контейнеры."
"Принимают ли на переработку пробки от вина?","Натуральные пробки - да, в специальных пунктах приема."
"Что делать с пластиковыми пакетами с застежкой zip-lock?","Их можно сдать в пункты приема мягкого пластика, предварительно вымыв."
"Можно ли сдавать на переработку бумажные пакеты?","Да, если они чистые и без пластиковых элементов."
"Как подготовить металлические банки от краски?","Полностью очистить от остатков, снять крышки, сдать в металлолом."
"Принимают ли на переработку пластиковые цветочные горшки?","Да, если они имеют маркировку 2 (HDPE) или 5 (PP)."
"Что делать с вощеными картонными коробками?","Они не подлежат переработке, только компостированию или утилизации."
"Можно ли сдавать на переработку пластиковые ведра?","Да, если они чистые и имеют маркировку 2 (HDPE) или 5 (PP)."
"Как утилизировать старые резиновые изделия?","Резину принимают в специализированных пунктах или на переработку покрышек."
"Принимают ли на переработку бумажные обои?","Нет, они содержат различные покрытия и не подлежат переработке."
"Что делать с пластиковыми подложками от продуктов?","Чистые подложки из PP (5) можно сдать в пункты приема пластика."
"Можно ли сдавать на переработку флаконы от шампуня?","Да, если они имеют маркировку 1 (PET) или 2 (HDPE), предварительно вымытые."
"Как подготовить стеклянные банки от детского питания?","Промыть, снять крышки и резинки, этикетки можно оставить."
"Принимают ли на переработку пластиковые бидоны?","Да, если они чистые и имеют маркировку 2 (HDPE) или 5 (PP)."
"Что делать с бумажными стаканчиками от кофе?","Они не подлежат переработке из-за пластикового покрытия. В России есть завод, который занимается переработкой бумажных стаканчиков — АО «СОЭМЗ» (Солнечногорский опытно-экспериментальный механический завод). На выходе получается сухое бумажное волокно и пластиковая плёнка, которые также подлежат вторичной переработке.Также можно рассмотреть альтернативу бумажным стаканчикам, например, многоразовую термокружку или тамблер."
"Можно ли сдавать на переработку пластиковые ящики?","Да, если они чистые и имеют маркировку 2 (HDPE) или 5 (PP)."
"Как утилизировать старые виниловые пластинки?","Их можно сдать в специализированные пункты приема или магазины винила."
"Принимают ли на переработку бумажные упаковки от яиц?","Да, если они сделаны из пульперкартона (можно компостировать)."
"Что делать с пластиковыми подставками под горячее?","Если они имеют маркировку 5 (PP), можно сдать в пункты приема пластика."
"Можно ли сдавать на переработку пластиковые канистры от масла?","Да, если они тщательно вымыты и имеют маркировку 2 (HDPE)."
"Что означает маркировка PET (1) на пластике?","Это полиэтилентерефталат - используется для бутылок, может перерабатываться до 35 раз."
"Какие виды пластика наиболее безопасны для переработки?","PET (1), HDPE (2) и PP (5) - самые распространенные и легко перерабатываемые."
"Что означает треугольник из стрелок на упаковке?","Это знак рециклинга, но не гарантия переработки - нужно смотреть цифру внутри."
"Какой пластик нельзя перерабатывать?","PVC (3), PS (6) и OTHER (7) - сложны для переработки или не перерабатываются вообще."
"Что такое компостируемые отходы?","Органические отходы, которые разлагаются в компосте (пищевые отходы, бумага без покрытия)."
"Чем опасны батарейки на свалке?","Они выделяют тяжелые металлы (свинец, кадмий, ртуть), загрязняющие почву и воду."
"Что означает маркировка ALU на упаковке?","Это алюминий, который можно перерабатывать бесконечно без потери качества."
"Почему важно разделять стекло по цветам?","Разные цвета стекла имеют разный состав и перерабатываются отдельно."
"Что такое тетрапак?","Многослойная упаковка из картона, алюминия и полиэтилена, требует специальной переработки."
"Чем опасны люминесцентные лампы?","Содержат ртуть - 1 лампа может загрязнить 20 куб.м воздуха или 400 л воды."
"Что означает маркировка FE на металле?","Это железо (сталь), которое легко перерабатывается магнитной сепарацией."
"Почему алюминиевые банки ценны для переработки?","Переплавка алюминия экономит 95% энергии по сравнению с производством нового."
"Что такое опасные отходы?","Отходы, содержащие токсичные вещества (батарейки, лампы, техника, химикаты)."
"Как определить, что пластик пищевой?","Ищите значок бокала и вилки или надпись "для пищевых продуктов"."
"Что такое флекс в переработке пластика?","Измельченные пластиковые хлопья - промежуточный продукт переработки."
"Почему нельзя сжигать пластик?","При горении выделяются диоксины и другие токсичные вещества."
"Что такое downcycling?","Переработка с понижением качества (например, пластиковые бутылки в синтепон)."
"Чем отличается HDPE от LDPE?","HDPE (2) - жесткий пластик, LDPE (4) - мягкий; оба перерабатываются, но раздельно."
"Что такое биопластик?","Пластик из растительного сырья, но не всегда биоразлагаемый - смотрите маркировку."
"Как определить, что бумага ламинирована?","При разрыве будет видна пластиковая пленка или слой будет тянуться."
"Что означает маркировка C/LDPE?","Смесь целлюлозы и полиэтилена (например, дойпаки), сложна для переработки."
"Почему ПЭТ нельзя использовать повторно для пищевых продуктов?","При повторном нагреве может выделять вредные вещества."
"Что такое гранулят в переработке?","Расплавленный и нарезанный пластик в виде гранул для нового производства."
"Чем опасен микропластик?","Не разлагается, накапливается в организме и окружающей среде."
"Что такое zero waste?","Концепция минимизации отходов через reuse, reduce, recycle."
"Как работает фандомат?","Автомат принимает тару (бутылки, банки), определяет тип и выдает вознаграждение."
"Что такое расширенная ответственность производителя?","Обязанность производителей утилизировать упаковку своих товаров."
"Почему важно сдавать технику отдельно?","Она содержит ценные металлы и опасные вещества, требующие специальной утилизации."
"Что такое промышленный компостинг?","Ускоренное компостирование при высоких температурах на специальных предприятиях."
"Чем отличается переработка от утилизации?","Переработка - получение нового сырья, утилизация - безопасное уничтожение."
"Что такое вторичные материальные ресурсы?","Отходы, пригодные для переработки (бумага, стекло, металл, некоторые пластики)."
"Почему черный пластик не перерабатывают?","Черный краситель мешает оптическим сортировщикам распознать тип пластика."
"Что такое депонирование отходов?","Захоронение на полигонах - наименее предпочтительный способ обращения с отходами."
"Как работает система залоговой тары?","Покупатель платит залог за тару, который возвращается при сдаче."
"Что такое углеродный след отходов?","Количество парниковых газов, выделяемых при производстве и утилизации товара."
"Почему важно экономить бумагу?","Для 1 тонны бумаги нужно 17 деревьев и 32 000 литров воды."
"Что такое рециклинг?","Процесс переработки отходов во вторичное сырье."
"Как определить, что упаковка биоразлагаемая?","Ищите маркировки: OK compost, Seedling или ГОСТ Р 54530-2011."
"Что такое экологический сбор?","Платеж производителей за утилизацию упаковки, который идет на развитие переработки."
"Почему нельзя смешивать разные виды пластика?","Разные типы пластика имеют разную температуру плавления и несовместимы."
"Что такое КПО в переработке?","Комплекс по переработке отходов - современная альтернатива свалкам."
"Как работает система пневмомусоропровода?","Отходы всасываются по подземным трубам на сортировочную станцию."
"Что такое RDF-топливо?","Топливо из отходов, которое сжигают на цементных заводах."
"Почему важно сдавать одежду отдельно?","Текстиль разлагается 200+ лет, а 95% можно переработать или использовать повторно."
"Что такое greenwashing?","Введение в заблуждение об экологичности продукта без реальных оснований."
"Как определить экологичную упаковку?","Ищите маркировки FSC (ответственная лесозаготовка), экомаркировки I типа."
"Что такое циклическая экономика?","Модель экономики, где отходы становятся ресурсом для нового производства."
"Почему важно снимать пробки с бутылок?","Пробки делают из другого материала, который перерабатывается отдельно."
"Что такое жизненный цикл продукта?","Все этапы от добычи сырья до утилизации, учитывающие экологическое воздействие."
"Как работает система EPR?","Extended Producer Responsibility - ответственность производителя за утилизацию своей продукции."
"Что такое экослед товара?","Мера воздействия товара на окружающую среду на всех этапах его жизненного цикла."
"Почему важно сокращать отходы?","Снижает нагрузку на полигоны, экономит ресурсы и уменьшает загрязнение."
"Что такое устойчивое потребление?","Осознанное потребление с учетом экологических и социальных последствий."
"Как определить действительно экологичный продукт?","По наличию независимых экомаркировок (ЕС Ecolabel, Листок жизни и др.)."
"Что такое принцип 3R?","Reduce (сокращение), Reuse (повторное использование), Recycle (переработка)."
"Почему важно участвовать в раздельном сборе?","Это увеличивает процент переработки и снижает объемы захоронения отходов."
"Что такое углеродная нейтральность?","Баланс между выбросами углерода и их поглощением из атмосферы."
"Как работает система возвратной тары?","Многоразовая тара возвращается производителю для повторного использования."
"Что такое экологический менеджмент?","Система управления предприятием, направленная на снижение экологического вреда."
"Правда ли, что переработка одной алюминиевой банки экономит энергию для работы телевизора 3 часа?","Да! Переработка алюминия экономит 95% энергии по сравнению с производством нового."
"Сколько лет разлагается пластиковая бутылка?","450–500 лет, но переработка превращает её в новую вещь за 2 месяца!"
"Почему океан называют «пластиковым супом»?","Из-за 5 триллионов пластиковых частиц, плавающих в воде — это в 500 раз больше, чем звёзд в Млечном Пути."
"Могут ли черви есть пластик?","Да! Учёные обнаружили бактерии и мучных червей, которые разлагают пластик на безопасные вещества."
"Зачем мне сортировать мусор, если другие не делают этого?","Каждый, кто сортирует отходы, сокращает свалки на 30–50%. Ваш пример вдохновит других!"
"Почему раздельный сбор — это не сложно?","Это как научиться чистить зубы: первые 2 недели непривычно, потом — легко и даже приятно!"
"Что я теряю, если не сортирую мусор?","Деньги (налоги на свалки растут), здоровье (токсины с полигонов попадают в воздух) и будущее планеты."
"Правда ли, что экопривычки делают людей счастливее?","Да! Исследования показывают: осознанность снижает тревожность и даёт чувство вклада в общее дело."
"Куда деть старую зубную щётку?","Сделайте из неё щётку для чистки обуви или кисточку для рисования!"
"Как использовать пустые тетрапаки?","Разрежьте — получится горшок для рассады или кормушка для птиц."
"Что делать с битыми зеркалами?","Из осколков можно сделать мозаику или сдать в пункт приёма стекла (упаковав в картон)."
"Как дать вторую жизнь капроновым колготкам?","Используйте как фильтр для воды в походе или материал для вязания (капрон не рвётся!)."
"Правда ли, что весь собранный пластик сжигают?","Нет! В Европе перерабатывают 40% пластика, в России — пока 12%, но цифры растут благодаря раздельному сбору."
"Будут ли перерабатывать мой мусор, если я его рассортирую?","Да! Если вымыть и правильно сдать — 90% отходов станут новыми вещами. Например, 25 бутылок = 1 флисовая куртка."
"Разве свалки не решают проблему?","Нет. 1 га свалки отравляет 10 га земли вокруг. А переработка создаёт рабочие места и экономит ресурсы."
"Какие страны лидируют в переработке?","Швеция (99% отходов перерабатывают), Германия (68%), Южная Корея (59%). Россия — на 45-м месте, но мы можем улучшить статистику!"
"Кто делает крутые вещи из мусора?","Бренд Adidas — кроссовки из океанского пластика, IKEA — мебель из переработанного дерева."
"Как дети меняют мир?","Школьник из Индии придумал как делать кирпичи из пластика — теперь его дома спасают людей от наводнений."
"Что будет, если все начнут сортировать мусор?","Свалки сократятся на 80%, воздух станет чище, а нефти хватит на 100+ лет дольше."
"Почему Земля — это космический корабль?","У нас нет «запасной планеты» — все ресурсы ограничены, а переработка продлевает жизнь корабля."
"Как мусор связан с войнами?","Борьба за нефть (сырьё для пластика) и чистую воду будет обостряться, если не сокращать отходы."
"Можно ли построить дом из мусора?","Да! В Японии есть остров из переработанных отходов, где живут 1.5 млн человек."
"Что сказала бы бутылка, если бы могла говорить?","«Не бросай меня! Я могу стать твоей новой футболкой»."
"Как объяснить коту, что мусор надо сортировать?","Коту — сложно. Но если вы будете делать это, он скопирует вашу привычку (проверено!)."
"Что такое «пластиковые дороги»?","В Индии и Голландии строят дороги из переработанного пластика — они прочнее асфальта и не трескаются."
"Как ИИ помогает переработке?","Роботы-сортировщики с искусственным интеллектом разбирают мусор в 10 раз быстрее людей."
"Будут ли батарейки из грибов?","Уже тестируют! Мицелий разлагает токсины в батарейках — возможно, скоро они станут экологичными."
"Знаете ли вы, что...","Из 400 алюминиевых банок можно сделать детский велосипед!"
"Интересный факт о стекле","Переработанное стекло плавится при более низкой температуре, экономя энергию"
"Что необычного можно сделать из пластиковых бутылок?","Из 25 бутылок можно сделать флисовую куртку"
"Правда ли, что...","Старые джинсы могут стать утеплителем для дома - да, это технология деним-изоляции!"
"Как дать вторую жизнь CD-дискам?","Их можно превратить в светоотражатели для велосипедов или мозаику"
"Что сделать из старой стиральной машины?","Барабан может стать оригинальным столиком или камином"
"Идея для винных пробок","Из них получаются отличные подставки под горячее или доска для заметок"
"Как использовать старые газеты?","Их можно превратить в экологичную упаковку для подарков"
"Когда появилась первая программа переработки?","Еще в 1031 году в Японии перерабатывали бумагу"
"Как боролись с мусором в Древнем Риме?","Организовывали специальные свалки за городом и повторно использовали амфоры"
"Когда изобрели пластик?","Первый искусственный пластик создали в 1855 году"
"Какие новые технологии переработки появились?","Ученые создали ферменты, которые полностью разлагают пластик за 24 часа"
"Что такое химическая переработка?","Это процесс превращения пластика обратно в нефть для нового производства"
"Как грибы помогают переработке?","Некоторые виды грибов могут разлагать пластик и очищать почву"
"Как мусор влияет на океаны?","Каждую минуту в океан попадает мусоровоз пластика"
"Что такое Большое тихоокеанское мусорное пятно?","Это скопление мусора площадью в 3 Франции, плавающее в океане"
"Как отходы влияют на климат?","Свалки производят 20% мировых выбросов метана"
"Как мой выбор влияет на планету?","Сортируя отходы 1 год, вы спасаете 10 кв.м земли от свалки"
"Почему стоит начать сегодня?","Каждая переработанная бутылка - это на 25% меньше нефти в мире"
"Как объяснить детям важность переработки?","Скажите: 'Это как Лего - из старых деталей можно построить что-то новое!'"
"Что такое экономика замкнутого цикла?","Это система, где отходы становятся ресурсом для нового производства"
"Какие профессии появятся в переработке?","Дизайнеры экопродукции, инженеры по переработке, экологичные технологи"
"Как будет выглядеть переработка в 2050 году?","Умные контейнеры с ИИ будут автоматически сортировать наши отходы"
"Можно ли переработать воздушные шары?","Нет, они очень опасны для животных - лучше использовать бумажные гирлянды"
"Что делать с использованными салфетками?","Их нельзя переработать, но можно компостировать (если нет синтетических волокон)"
"Как утилизировать старые фотографии?","Их нельзя переработать с бумагой - лучше отправить в специальные пункты приема"
"Как перерабатывают в Арктике?","Там используют специальные установки, прессующие мусор для дальнейшего вывоза"
"Что делает Швеция с мусором?","Импортирует отходы из других стран для своих мусоросжигательных заводов"
"Как в Японии сортируют отходы?","Некоторые города требуют разделения на 10+ категорий"
"Кто создает искусство из мусора?","Художники like Artur Bordalo делают огромные скульптуры из отходов"
"Как проводят модные показы из вторсырья?","Дизайнеры создают коллекции из переработанных материалов"
"Что такое трэш-арт?","Это направление искусства, где произведения создают из отходов"
"Как дроны помогают переработке?","Они обследуют свалки и находят пригодные для переработки материалы"
"Что такое умные мусорные баки?","Они взвешивают отходы и сообщают, когда заполнены"
"Как блокчейн используется в переработке?","Для отслеживания цепочки переработки материалов"
"Почему мы называем это 'мусором'?","Потому что не видим ценности в использованных материалах"
"Что важнее - переработка или сокращение отходов?","Сокращение - но переработка нужна для того, что уже произведено"
"Как изменится мир, если все начнут перерабатывать?","Мы сократим свалки на 75% и сохраним ресурсы для будущих поколений"
"Какой закон регулирует обращение с отходами производства и потребления в РФ?","Федеральный закон от 24.06.1998 N 89-ФЗ «Об отходах производства и потребления»."
"Какие основные понятия используются в Федеральном законе об отходах?","Отходы производства и потребления, обращение с отходами, размещение отходов, утилизация, обезвреживание и другие."
"Какие классы опасности отходов установлены законом?","I класс — чрезвычайно опасные, II класс — высокоопасные, III класс — умеренно опасные, IV класс — малоопасные, V класс — практически неопасные."
"Какие принципы государственной политики в области обращения с отходами?","Охрана здоровья человека, поддержание благоприятной окружающей среды, использование наилучших доступных технологий."
"Какие направления государственной политики являются приоритетными?","Максимальное использование сырья, предотвращение образования отходов, сокращение их количества, обработка, утилизация, обезвреживание."
"Кто определяет право собственности на отходы?","Право собственности определяется в соответствии с гражданским законодательством."
"Какие полномочия имеет РФ в области обращения с отходами?","Разработка законов, проведение государственной политики, лицензирование деятельности, установление нормативов."
"Какие полномочия имеют субъекты РФ в области обращения с отходами?","Разработка региональных программ, государственный надзор, установление нормативов образования отходов."
"Какие полномочия имеют органы местного самоуправления?","Создание мест накопления отходов, организация экологического воспитания, определение схем размещения отходов."
"Какие требования предъявляются к объектам размещения отходов?","Запрещено размещение отходов на объектах, не внесенных в государственный реестр, и в запрещенных зонах."
"Какие требования к транспортированию отходов?","Наличие паспорта отходов, специально оборудованных транспортных средств, соблюдение требований безопасности."
"Какие требования к обращению с отходами I-IV классов опасности?","Необходимо подтверждение класса опасности, паспортизация отходов, соблюдение требований при обращении."
"Какие требования к лицам, работающим с отходами I-IV классов опасности?","Наличие документов о квалификации, профессиональное обучение, ответственность должностных лиц."
"Какие запреты установлены на ввоз отходов?","Запрещен ввоз отходов на территорию РФ для захоронения и обезвреживания."
"Какие требования к нормированию в области обращения с отходами?","Установление нормативов образования отходов и лимитов на их размещение для юридических лиц и ИП."
"Какие объекты подлежат государственному учету?","Объекты размещения отходов, включенные в государственный реестр."
"Какие требования к обращению с ломом и отходами металлов?","Необходимы документы, подтверждающие право собственности, и соблюдение правил обращения."
"Какие требования к территориальным схемам обращения с отходами?","Схемы должны включать данные об источниках образования отходов, их количестве, местах накопления."
"Какие требования к местам накопления отходов?","Накопление допускается только в специально оборудованных местах, соответствующих законодательству."
"Какие требования к региональным программам в области обращения с отходами?","Программы должны содержать целевые показатели, перечень мероприятий, источники финансирования."
"Какие требования к обращению с твердыми коммунальными отходами?","Организация их сбора, транспортирования, обработки, утилизации, обезвреживания и захоронения."
"Какие требования к эксплуатации объектов, связанных с отходами?","Соблюдение федеральных норм, внедрение малоотходных технологий, проведение мониторинга."
"Какие требования к архитектурно-строительному проектированию?","Необходимо предусматривать места накопления отходов в соответствии с нормами."
"Какие требования к лицензированию деятельности по обращению с отходами?","Лицензирование осуществляется в соответствии с Федеральным законом от 04.05.2011 N 99-ФЗ."
"Какие требования к обращению с радиоактивными отходами?","Регулируются соответствующим законодательством РФ, не подпадающим под действие закона об отходах."
"Какие требования к обращению с биологическими отходами?","Регулируются соответствующим законодательством РФ, не подпадающим под действие закона об отходах."
"Какие требования к обращению с медицинскими отходами?","Регулируются соответствующим законодательством РФ, не подпадающим под действие закона об отходах."
"Какие требования к обращению с озоноразрушающими веществами?","Регулируются соответствующим законодательством РФ, не подпадающим под действие закона об отходах."
"Какие требования к обращению с выбросами вредных веществ?","Регулируются соответствующим законодательством РФ, не подпадающим под действие закона об отходах."
"Какие требования к обращению со сбросами вредных веществ?","Регулируются соответствующим законодательством РФ, не подпадающим под действие закона об отходах."
"Какие требования к обращению с отходами в населенных пунктах?","Территории должны регулярно очищаться от отходов в соответствии с санитарными требованиями."
"Какие требования к обращению с отходами в лесопарковых зонах?","Запрещено захоронение отходов в таких зонах."
"Какие требования к обращению с отходами в курортных зонах?","Запрещено захоронение отходов в таких зонах."
"Какие требования к обращению с отходами в водоохранных зонах?","Запрещено захоронение отходов в таких зонах."
"Какие требования к обращению с отходами в местах залегания полезных ископаемых?","Запрещено захоронение отходов, если это угрожает загрязнению или безопасности горных работ."
"Какие требования к мониторингу состояния объектов размещения отходов?","Проведение мониторинга состояния и загрязнения окружающей среды в установленном порядке."
"Какие требования к восстановлению земель после эксплуатации объектов размещения отходов?","Проведение контроля и работ по восстановлению нарушенных земель."
"Какие требования к паспортизации отходов?","Составление паспорта отходов I-IV классов опасности на основании данных об их составе и свойствах."
"Какие требования к обращению с группами однородных отходов?","Соблюдение установленных требований при обращении с такими отходами."
"Какие требования к профессиональной подготовке лиц, работающих с отходами?","Прохождение профессионального обучения или дополнительного профессионального образования."
"Какие требования к документации при транспортировании отходов?","Наличие паспорта отходов, специальных транспортных средств, документации с указанием цели и места назначения."
"Какие требования к обращению с отходами от использования товаров?","Установление перечня товаров, подлежащих утилизации, и нормативов утилизации."
"Какие требования к обращению с твердыми коммунальными отходами?","Организация их накопления, сбора, транспортирования, обработки, утилизации, обезвреживания и захоронения."
"Какие требования к реестру мест накопления твердых коммунальных отходов?","Ведение реестра с данными о местах накопления, их характеристиках и собственниках."
"Какие требования к обращению с отходами в городских поселениях?","Создание и содержание мест накопления отходов, организация экологического воспитания."
"Какие требования к обращению с отходами в муниципальных районах?","Создание и содержание мест накопления отходов, организация экологического воспитания."
"Какие требования к обращению с отходами в городских округах?","Создание и содержание мест накопления отходов, организация экологического воспитания."
"Какие требования к перераспределению полномочий между органами власти?","Полномочия могут быть перераспределены в порядке, установленном законодательством."
"Какие требования к обращению с отходами при разведке и добыче углеводородного сырья?","Регулируются законодательством о недрах."
"Какие требования к обращению с отходами в жилых помещениях?","Образование твердых коммунальных отходов и их обращение регулируются законом."
"Какие требования к обращению с отходами в процессе производства?","Соблюдение нормативов образования отходов, внедрение малоотходных технологий."
"Какие требования к обращению с отходами в процессе потребления?","Соблюдение правил накопления, сбора и утилизации отходов."
"Какие требования к обращению с отходами в процессе выполнения работ?","Соблюдение требований к сбору, транспортированию и размещению отходов."
"Какие требования к обращению с отходами в процессе оказания услуг?","Соблюдение требований к сбору, транспортированию и размещению отходов."
"Какие требования к обращению с отходами, предназначенными для удаления?","Соблюдение требований к их сбору, транспортированию, обработке, утилизации, обезвреживанию и размещению."
"Какие требования к обращению с отходами, подлежащими удалению?","Соблюдение требований к их сбору, транспортированию, обработке, утилизации, обезвреживанию и размещению."
"Какие требования к обращению с отходами, которые удаляются?","Соблюдение требований к их сбору, транспортированию, обработке, утилизации, обезвреживанию и размещению."
"Какие требования к обращению с отходами, образующимися в процессе производства?","Соблюдение нормативов образования отходов, внедрение малоотходных технологий."
"Какие требования к обращению с отходами, образующимися в процессе потребления?","Соблюдение правил накопления, сбора и утилизации отходов."
"Какие требования к обращению с отходами, образующимися в процессе выполнения работ?","Соблюдение требований к сбору, транспортированию и размещению отходов."
"Какие требования к обращению с отходами, образующимися в процессе оказания услуг?","Соблюдение требований к сбору, транспортированию и размещению отходов."
"Какие требования к обращению с отходами, которые образовались в процессе производства?","Соблюдение нормативов образования отходов, внедрение малоотходных технологий."
"Какие требования к обращению с отходами, которые образовались в процессе потребления?","Соблюдение правил накопления, сбора и утилизации отходов."
"Какие требования к обращению с отходами, которые образовались в процессе выполнения работ?","Соблюдение требований к сбору, транспортированию и размещению отходов."
"Какие требования к обращению с отходами, которые образовались в процессе оказания услуг?","Соблюдение требований к сбору, транспортированию и размещению отходов."
"Какие требования к обращению с отходами, удаляемыми в соответствии с законом?","Соблюдение требований к их сбору, транспортированию, обработке, утилизации, обезвреживанию и размещению."
"Какие требования к обращению с отходами, предназначенными для удаления в соответствии с законом?","Соблюдение требований к их сбору, транспортированию, обработке, утилизации, обезвреживанию и размещению."
"Какие требования к обращению с отходами, подлежащими удалению в соответствии с законом?","Соблюдение требований к их сбору, транспортированию, обработке, утилизации, обезвреживанию и размещению."
"Какие требования к обращению с отходами, которые удаляются в соответствии с законом?","Соблюдение требований к их сбору, транспортированию, обработке, утилизации, обезвреживанию и размещению."
"Какие требования к обращению с отходами, образующимися в процессе производства, в соответствии с законом?","Соблюдение нормативов образования отходов, внедрение малоотходных технологий."
"Какие требования к обращению с отходами, образующимися в процессе потребления, в соответствии с законом?","Соблюдение правил накопления, сбора и утилизации отходов."
"Какие требования к обращению с отходами, образующимися в процессе выполнения работ, в соответствии с законом?","Соблюдение требований к сбору, транспортированию и размещению отходов."
"Какие требования к обращению с отходами, образующимися в процессе оказания услуг, в соответствии с законом?","Соблюдение требований к сбору, транспортированию и размещению отходов."
"Какие требования к обращению с отходами, которые образовались в процессе производства, в соответствии с законом?","Соблюдение нормативов образования отходов, внедрение малоотходных технологий."
"Какие требования к обращению с отходами, которые образовались в процессе потребления, в соответствии с законом?","Соблюдение правил накопления, сбора и утилизации отходов."
"Какие требования к обращению с отходами, которые образовались в процессе выполнения работ, в соответствии с законом?","Соблюдение требований к сбору, транспортированию и размещению отходов."
"Какие требования к обращению с отходами, которые образовались в процессе оказания услуг, в соответствии с законом?","Соблюдение требований к сбору, транспортированию и размещению отходов."
"Какие требования к обращению с отходами, удаляемыми в соответствии с законом, в жилых помещениях?","Соблюдение правил накопления, сбора и утилизации отходов."
"Какие требования к обращению с отходами, предназначенными для удаления в соответствии с законом, в жилых помещениях?","Соблюдение правил накопления, сбора и утилизации отходов."
"Какие требования к обращению с отходами, подлежащими удалению в соответствии с законом, в жилых помещениях?","Соблюдение правил накопления, сбора и утилизации отходов."
"Какие требования к обращению с отходами, которые удаляются в соответствии с законом, в жилых помещениях?","Соблюдение правил накопления, сбора и утилизации отходов."
"Какие требования к обращению с отходами, образующимися в процессе производства, в жилых помещениях?","Соблюдение правил накопления, сбора и утилизации отходов."
"Какие требования к обращению с отходами, образующимися в процессе потребления, в жилых помещениях?","Соблюдение правил накопления, сбора и утилизации отходов."
"Какие требования к обращению с отходами, образующимися в процессе выполнения работ, в жилых помещениях?","Соблюдение правил накопления, сбора и утилизации отходов."
"Какие требования к обращению с отходами, образующимися в процессе оказания услуг, в жилых помещениях?","Соблюдение правил накопления, сбора и утилизации отходов."
"Какие требования к обращению с отходами, которые образовались в процессе производства, в жилых помещениях?","Соблюдение правил накопления, сбора и утилизации отходов."
"Какие требования к обращению с отходами, которые образовались в процессе потребления, в жилых помещениях?","Соблюдение правил накопления, сбора и утилизации отходов."
"Какие требования к обращению с отходами, которые образовались в процессе выполнения работ, в жилых помещениях?","Соблюдение правил накопления, сбора и утилизации отходов."
"Какие требования к обращению с отходами, которые образовались в процессе оказания услуг, в жилых помещениях?","Соблюдение правил накопления, сбора и утилизации отходов."
"Какие требования к обращению с отходами, удаляемыми в соответствии с законом, в городских поселениях?","Соблюдение правил накопления, сбора и утилизации отходов."
"Какие требования к обращению с отходами, предназначенными для удаления в соответствии с законом, в городских поселениях?","Соблюдение правил накопления, сбора и утилизации отходов."
"Какие требования к обращению с отходами, подлежащими удалению в соответствии с законом, в городских поселениях?","Соблюдение правил накопления, сбора и утилизации отходов."
"Какие требования к обращению с отходами, которые удаляются в соответствии с законом, в городских поселениях?","Соблюдение правил накопления, сбора и утилизации отходов."
"Какие требования к обращению с отходами, образующимися в процессе производства, в городских поселениях?","Соблюдение правил накопления, сбора и утилизации отходов."
"Какие требования к обращению с отходами, образующимися в процессе потребления, в городских поселениях?","Соблюдение правил накопления, сбора и утилизации отходов."
"Какие требования к обращению с отходами, образующимися в процессе выполнения работ, в городских поселениях?","Соблюдение правил накопления, сбора и утилизации отходов."
"Какие требования к обращению с отходами, образующимися в процессе оказания услуг, в городских поселениях?","Соблюдение правил накопления, сбора и утилизации отходов."
"Какие требования к обращению с отходами, которые образовались в процессе производства, в городских поселениях?","Соблюдение правил накопления, сбора и утилизации отходов."
"Какие требования к обращению с отходами, которые образовались в процессе потребления, в городских поселениях?","Соблюдение правил накопления, сбора и утилизации отходов."
"Какие требования к обращению с отходами, которые образовались в процессе выполнения работ, в городских поселениях?","Соблюдение правил накопления, сбора и утилизации отходов."
"Какие требования к обращению с отходами, которые образовались в процессе оказания услуг, в городских поселениях?","Соблюдение правил накопления, сбора и утилизации отходов."
"Какие требования к обращению с отходами, удаляемыми в соответствии с законом, в муниципальных районах?","Соблюдение правил накопления, сбора и утилизации отходов."
"Какие требования к обращению с отходами, предназначенными для удаления в соответствии с законом, в муниципальных районах?","Соблюдение правил накопления, сбора и утилизации отходов."
"Какие требования к обращению с отходами, подлежащими удалению в соответствии с законом, в муниципальных районах?","Соблюдение правил накопления, сбора и утилизации отходов."
"Какие требования к обращению с отходами, которые удаляются в соответствии с законом, в муниципальных районах?","Соблюдение правил накопления, сбора и утилизации отходов."
"Какие требования к обращению с отходами, образующимися в процессе производства, в муниципальных районах?","Соблюдение правил накопления, сбора и утилизации отходов."
"Какие требования к обращению с отходами, образующимися в процессе потребления, в муниципальных районах?","Соблюдение правил накопления, сбора и утилизации отходов."
"Какие требования к обращению с отходами, образующимися в процессе выполнения работ, в муниципальных районах?","Соблюдение правил накопления, сбора и утилизации отходов."
"Какие требования к обращению с отходами, образующимися в процессе оказания услуг, в муниципальных районах?","Соблюдение правил накопления, сбора и утилизации отходов."
"Какие требования к обращению с отходами, которые образовались в процессе производства, в муниципальных районах?","Соблюдение правил накопления, сбора и утилизации отходов."
"Какие требования к обращению с отходами, которые образовались в процессе потребления, в муниципальных районах?","Соблюдение правил накопления, сбора и утилизации отходов."
"Какие требования к обращению с отходами, которые образовались в процессе выполнения работ, в муниципальных районах?","Соблюдение правил накопления, сбора и утилизации отходов."
"Какие требования к обращению с отходами, которые образовались в процессе оказания услуг, в муниципальных районах?","Соблюдение правил накопления, сбора и утилизации отходов."
"Какие требования к обращению с отходами, удаляемыми в соответствии с законом, в городских округах?","Соблюдение правил накопления, сбора и утилизации отходов."
"Какие требования к обращению с отходами, предназначенными для удаления в соответствии с законом, в городских округах?","Соблюдение правил накопления, сбора и утилизации отходов."
"Какие требования к обращению с отходами, подлежащими удалению в соответствии с законом, в городских округах?","Соблюдение правил накопления, сбора и утилизации отходов."
"Какие требования к обращению с отходами, которые удаляются в соответствии с законом, в городских округах?","Соблюдение правил накопления, сбора и утилизации отходов."
"Какие требования к обращению с отходами, образующимися в процессе производства, в городских округах?","Соблюдение правил накопления, сбора и утилизации отходов."
"Какие требования к обращению с отходами, образующимися в процессе потребления, в городских округах?","Соблюдение правил накопления, сбора и утилизации отходов."
"Какие требования к обращению с отходами, образующимися в процессе выполнения работ, в городских округах?","Соблюдение правил накопления, сбора и утилизации отходов."
"Какие требования к обращению с отходами, образующимися в процессе оказания услуг, в городских округах?","Соблюдение правил накопления, сбора и утилизации отходов."
"Какие требования к обращению с отходами, которые образовались в процессе производства, в городских округах?","Соблюдение правил накопления, сбора и утилизации отходов."
"Какие требования к обращению с отходами, которые образовались в процессе потребления, в городских округах?","Соблюдение правил накопления, сбора и утилизации отходов."
"Какие требования к обращению с отходами, которые образовались в процессе выполнения работ, в городских округах?","Соблюдение правил накопления, сбора и утилизации отходов."
"Какие требования к обращению с отходами, которые образовались в процессе оказания услуг, в городских округах?","Соблюдение правил накопления, сбора и утилизации отходов."
"Какой штраф грозит гражданину за выброс мусора из автомобиля вне контейнерной площадки?","10 000 – 15 000 рублей."
"Какой штраф за повторный выброс мусора из автомобиля для гражданина?","20 000 – 30 000 рублей."
"Какой штраф предусмотрен для ИП за выброс мусора из автомобиля?","20 000 – 30 000 рублей."
"Какой штраф для ИП при повторном нарушении (выброс мусора из авто)?","40 000 – 60 000 рублей с возможной конфискацией ТС."
"Какой штраф для юрлица за выброс мусора из автомобиля?","30 000 – 50 000 рублей."
"Какой штраф для юрлица при повторном нарушении (выброс мусора из авто)?","60 000 – 100 000 рублей с возможной конфискацией ТС."
"Какой штраф за выброс мусора из грузовика или трактора для гражданина?","40 000 – 50 000 рублей."
"Какой штраф за повторный выброс мусора из грузовика для гражданина?","60 000 – 70 000 рублей."
"Какой штраф для ИП за выброс мусора из грузовика?","60 000 – 80 000 рублей."
"Какой штраф для ИП при повторном выбросе мусора из грузовика?","80 000 – 100 000 рублей с возможной конфискацией ТС."
"Какой штраф для юрлица за выброс мусора из грузовика?","100 000 – 120 000 рублей."
"Какой штраф для юрлица при повторном нарушении (выброс мусора из грузовика)?","150 000 – 200 000 рублей с возможной конфискацией ТС."
"Кто может составлять протокол за выброс мусора в неположенном месте?","Полицейские и сотрудники лесного надзора."
"Могут ли выписать штраф без суда, если нарушение зафиксировано на камеру?","Да, штраф может быть выписан автоматически."
"Какое наказание может быть за свалку мусора в лесу?","Штраф может быть увеличен в 10 раз по сравнению с обычным нарушением."
"Какой был штраф за выброс мусора в неположенном месте до 2023 года?","3 000 – 5 000 рублей для граждан."
"Какие изменения в штрафах за мусор вступили в 2023 году?","Увеличены штрафы, введены отдельные наказания за выброс мусора из авто."
"Могут ли конфисковать автомобиль за выброс мусора?","Да, при повторных нарушениях для ИП и юрлиц возможна конфискация ТС."
"Какие транспортные средства попадают под повышенные штрафы?","Грузовики, прицепы, тракторы и другая самоходная техника."
"Как избежать штрафа за выброс мусора?","Выбрасывать отходы только в специально отведенных местах (контейнеры, урны)."
"Что сделать со старой зубной щеткой?","Использовать как инструмент для чистки труднодоступных мест (вентиляционные решетки, швы плитки, клавиатура)."
"Как дать вторую жизнь стеклянным банкам?","Хранить специи, крупы, использовать как вазы или подсвечники, сделать террариум."
"Что можно сделать из старых джинсов?","Сумки, чехлы для гаджетов, коврики, декоративные подушки или даже обивку для мебели."
"Как использовать ненужные CD/DVD диски?","Сделать светоотражатели для велосипедов, мозаику, подставки под кружки или декоративные панно."
"Что сделать с испорченными зонтами?","Сшить сумку-шопер, использовать ткань для аппликаций или сделать ветровые ловушки для сада."
"Как использовать старые газеты и журналы?","Поделки в технике папье-маше, упаковочный материал, компост или плетеные корзинки."
"Что сделать с пустыми пластиковыми бутылками?","Горшки для рассады, кормушки для птиц, системы капельного полива или органайзеры для мелочей."
"Как использовать старые винные пробки?","Подставки под горячее, держатели для ножей, декоративные магниты или даже поплавки для рыбалки."
"Что сделать с ненужными ключами?","Брелоки, элементы декора (например, в рамке), использовать в handmade-украшениях."
"Как дать вторую жизнь старым полотенцам?","Тряпки для уборки, коврики в ванную, наполнитель для мягких игрушек или основу для плетеных корзин."
"Что сделать с перегоревшими лампочками?","Мини-вазы, подвесные декорации, террариумы или елочные игрушки."
"Как использовать старые деревянные поддоны?","Мебель (столы, полки), садовые качели, вертикальные грядки или основу для декоративных стен."
"Что сделать с ненужными пластиковыми картами?","Стираторы для краски, линейки, скребки для льда или трафареты для творчества."
"Как использовать старые футболки?","Тряпки, плетеные коврики, сумки-шоперы или основу для плетеных корзин."
"Что сделать с битой посудой?","Мозаика для декора, садовые дорожки, элементы для творчества (например, в декупаже)."
"Как использовать старые автомобильные шины?","Качели, клумбы, садовые ступеньки или элементы спортивной площадки."
"Что сделать с ненужными пластиковыми контейнерами?","Органайзеры для мелочей, горшки для растений, кормушки для животных или системы хранения в гараже."
"Как использовать старые книги с поврежденными страницами?","Декор (например, полки из книг), обложки для блокнотов, элементы скрапбукинга."
"Что сделать с ненужными пуговицами?","Украшения, аппликации, декоративные рамки или мозаичные панно."
"Как дать вторую жизнь старым оконным рамам?","Декоративные зеркала, полки, садовые скамейки или элементы интерьера в стиле лофт."
"Что сделать со старыми кастрюлями?","Использовать как горшки для цветов, хранилища для мелочей или сделать из них садовые светильники."
"Как использовать сломанные наушники?","Применить провода для поделок, динамики - как мини-колонки, а наушники - как держатели для проводов."
"Что сделать с пустыми тюбиками от зубной пасты?","Хранить в них мелкие предметы (иголки, скрепки), использовать для дозирования клея или сделать мини-кисточки."
"Как дать вторую жизнь старым чемоданам?","Сделать кошачий домик, полку, мини-бар или оригинальный журнальный столик."
"Что сделать с ненужными пластиковыми ложками/вилками?","Создать декоративное панно, абажур для лампы или использовать как маркеры для растений в саду."
"Как использовать старые грампластинки?","Сделать часы, полки, декоративные тарелки или растопить для создания арт-объектов."
"Что сделать с перегоревшими гирляндами?","Использовать провода для поделок, лампочки - для мини-ваз или декоративных композиций."
"Как дать вторую жизнь старым конькам?","Сделать полку для книг, вешалку или использовать лезвия как скребок для льда."
"Что сделать с ненужными компьютерными дисками?","Создать мобиль для детской комнаты, отражатели света в саду или декоративную штору."
"Как использовать старые галстуки?","Сшить сумку, сделать ремень, закладки для книг или чехол для очков."
"Что сделать с пустыми бутылками от шампуня?","Хранить мелкие инструменты, сделать дозатор для масла или использовать как контейнер для путешествий."
"Как дать вторую жизнь старым скейтбордам?","Сделать полку, скамейку, вешалку или оригинальную подставку для растений."
"Что сделать с ненужными видеокассетами?","Создать органайзер для канцелярии, рамку для фото или декоративную ширму."
"Как использовать старые теннисные мячики?","Сделать массажер, ножки для мебели, держатель ключей или игрушку для собаки."
"Что сделать с битыми зеркалами?","Создать мозаику, декоративные панно или использовать осколки для украшения мебели."
"Как дать вторую жизнь старым велосипедным шинам?","Сделать садовые качели, уплотнитель для дверей или декоративные кашпо."
"Что сделать с ненужными клавиатурами?","Использовать клавиши для украшений, магнитов на холодильник или мозаики."
"Как использовать старые телефоны-раскладушки?","Сделать оригинальную записную книжку, футляр для карт или элемент декора."
"Что сделать с пустыми тюбиками от губной помады?","Хранить в них наушники, мелкие украшения или использовать как мини-контейнер для специй."
"Как дать вторую жизнь старым лыжам?","Сделать вешалку, садовую скамейку или оригинальную полку для книг."
"Что сделать с ненужными пластиковыми бутылками от молока?","Создать кормушку для птиц, контейнеры для хранения или систему полива растений."
"Как использовать старые ремни безопасности?","Сделать сумку, ремень для инструментов или обивку для мебели."
"Что сделать с битой керамической плиткой?","Создать мозаичное панно, украсить цветочные горшки или сделать садовые дорожки."
"Как дать вторую жизнь старым лопаткам для тенниса?","Сделать разделочную доску, подставку под горячее или основу для часов."
"Что сделать с ненужными пластиковыми стаканчиками?","Создать систему рассады, органайзер для мелочей или декоративные светильники."
"Как использовать старые кухонные терки?","Сделать светильник, держатель для украшений или использовать как трафарет."
"Что сделать с пустыми банками от кофе?","Хранить крупы, сделать органайзер для канцелярии или декоративные подсвечники."
"Как дать вторую жизнь старым дверным ручкам?","Сделать крючки для одежды, держатели для полотенец или элементы декора."
"Что сделать с ненужными пластиковыми картами от отелей?","Использовать как скребки для льда, трафареты или сделать из них бирки для растений."
"Как использовать старые колготки?","Сделать фильтр для воды, держатель для лука или использовать как веревку в саду."
"Что сделать с битыми керамическими кружками?","Создать мозаику, подставки под горячее или декоративные магниты."
"Как дать вторую жизнь старым удочкам?","Сделать вешалку для одежды, карниз для штор или опору для растений."
"Что сделать с ненужными пластиковыми ведрами?","Создать систему компоста, контейнеры для хранения или мини-грядки на балконе."
"Как использовать старые свитера?","Сшить чехлы для мебели, сделать теплые подушки или плед в стиле пэчворк."
"Что сделать с пустыми тюбиками от клея ПВА?","Хранить в них краски, масла для рисования или использовать как дозатор для жидкого мыла."
"Как дать вторую жизнь старым лыжным палкам?","Сделать вешалку, опору для растений или ручки для мебели."
"Что сделать с ненужными пластиковыми крышками?","Создать мозаику, детские счеты или использовать как подставки под горячее."
"Как использовать старые глобусы?","Сделать абажур, шкатулку или разрезать для создания оригинальных полок."
"Что сделать с битыми фарфоровыми тарелками?","Создать мозаичное панно, украсить рамку для зеркала или сделать декоративные магниты."
"Как дать вторую жизнь старым сноубордам?","Сделать полку, скамейку или оригинальную вешалку в прихожей."
"Что сделать с ненужными пластиковыми канистрами?","Создать систему хранения инструментов, кормушку для животных или мусорные баки."
"Как использовать старые джинсовые куртки?","Сшить сумки, чехлы для подушек или сделать обивку для табурета."
"Что сделать с пустыми флаконами от духов?","Использовать как вазу для одного цветка, хранить эфирные масла или сделать мини-подсвечник."
"Как дать вторую жизнь старым клюшкам для гольфа?","Сделать крючки для одежды, ручки для шкафов или основу для торшера."
"Что сделать с ненужными пластиковыми контейнерами от яиц?","Создать систему для рассады, органайзер для мелочей или использовать для хранения елочных игрушек."
"Как использовать старые шарфы?","Сшить сумку, сделать декоративную подушку или обвязать вокруг абажура."
"Что сделать с битыми стеклянными бутылками?","Расплавить для создания декоративных элементов или использовать дно как пепельницу."
"Как дать вторую жизнь старым хоккейным клюшкам?","Сделать вешалку, держатель для зонтов или основу для настольной лампы."
"Что сделать с ненужными пластиковыми бутылками от йогурта?","Создать систему хранения специй, мини-горшки для растений или подставки для кистей."
"Как использовать старые рубашки?","Сшить фартук, сделать наволочки или создать декоративную гирлянду."
"Что сделать с пустыми баллончиками от дезодоранта?","Использовать как форму для свечей, сделать мини-вазу или держатель для кистей."
"Как дать вторую жизнь старым бейсбольным битам?","Сделать ножки для стола, вешалку или основу для торшера."
"Что сделать с ненужными пластиковыми бутылками от кетчупа?","Создать дозатор для масла, контейнер для жидкого мыла или мини-лейку."
"Как использовать старые шляпы?","Сделать абажур, кашпо для цветов или оригинальную корзину для хранения."
"Что сделать с битыми керамическими горшками?","Создать мини-садик, использовать как дренаж или сделать декоративные подсвечники."
"Как дать вторую жизнь старым ракеткам для бадминтона?","Сделать зеркало в раме, подставку для украшений или основу для часов."
"Что сделать с ненужными пластиковыми бутылками от газировки?","Создать вертикальный сад, систему капельного полива или ловушки для насекомых."
"Как использовать старые галстуки-бабочки?","Сделать заколки, украшения для подарочных упаковок или элементы декора."
"Что сделать с пустыми тюбиками от крема?","Хранить в них небольшие порции краски, использовать для хранения специй или как мини-палитру."
"Как дать вторую жизнь старым конькам?","Сделать открывалку для бутылок, вешалку или использовать лезвия как скребок."
"Что сделать с ненужными пластиковыми коробками от тортов?","Создать систему хранения, переносную мини-теплицу или органайзер для рукоделия."
"Как использовать старые свитера с оленями?","Сшить рождественские сапожки для подарков, сделать чехол на стул или декоративную гирлянду."
"Что сделать с битыми фарфоровыми чашками?","Создать подсвечники, мини-вазоны или использовать как держатели для украшений."
"Как дать вторую жизнь старым лыжным очкам?","Сделать рамку для фото, элемент декора в стиле ретро или основу для солнечных очков."
"Что сделать с ненужными пластиковыми бутылками от масла?","Создать лейку, контейнер для хранения сыпучих продуктов или систему полива."
"Как использовать старые кожаные перчатки?","Сделать кошелек, чехол для телефона или элементы декора в стиле стимпанк."
"Что сделать с пустыми тюбиками от зубной пасты?","Использовать как мини-шприц для клея, хранить нитки или сделать дозатор для соусов."
"Как дать вторую жизнь старым конькам?","Сделать держатель для украшений, подставку для ножей или элемент декора."
"Что сделать с ненужными пластиковыми бутылками от воды?","Создать систему хранения круп, кормушку для птиц или мини-теплицу."
"Как использовать старые джинсовые шорты?","Сшить сумку, сделать коврик или чехол для ноутбука."
"Что сделать с битыми стеклянными банками?","Использовать как подсвечники, вазы для сухоцветов или элементы мозаики."
"Как дать вторую жизнь старым теннисным ракеткам?","Сделать зеркало, подставку для сервировки или основу для настенных часов."
"Что сделать с ненужными пластиковыми стаканчиками от йогурта?","Создать систему для рассады, органайзер для мелочей или подставки для карандашей."
"Как использовать старые шерстяные носки?","Сделать грелку для чайника, чехол для стакана или игрушку для кота."
"Что сделать с пустыми тюбиками от косметики?","Хранить в них специи, использовать как мини-контейнеры для путешествий или сделать палитру для красок."
"Как дать вторую жизнь старым лыжным ботинкам?","Сделать кашпо для цветов, оригинальную подставку для зонтов или элемент декора."
"Что сделать с ненужными пластиковыми бутылками от шампуня?","Создать систему хранения инструментов, мини-лейку или контейнер для ниток."
"Как использовать старые вязаные свитера?","Сшить чехол для термоса, сделать теплые тапочки или декоративную гирлянду."
"Что сделать с битыми фарфоровыми блюдцами?","Создать подставки под горячее, элементы мозаики или мини-подсвечники."
"Как дать вторую жизнь старым конькам?","Сделать держатель для ключей, элемент декора в прихожей или основу для светильника."
"Что сделать с ненужными пластиковыми бутылками от молока?","Создать кормушку для птиц, систему полива или контейнеры для хранения инструментов."
"Как использовать старые кожаные ремни?","Сделать ручку для сумки, обивку для табурета или держатель для журналов."
"Что сделать с пустыми тюбиками от клея?","Использовать как дозатор для жидкого мыла, хранить мелкие детали или сделать мини-кисточку."
"Как дать вторую жизнь старым лыжным палкам?","Сделать вешалку, опору для вьющихся растений или ручки для ящиков."
"Что сделать с ненужными пластиковыми контейнерами от мороженого?","Создать систему хранения мелких предметов, мини-горшки для растений или подставки для канцелярии."
"Как использовать старые шерстяные шапки?","Сшить чехол для термоса, сделать теплые варежки или декоративные подушки."
"Что сделать с битыми керамическими кружками?","Создать мозаичное панно, подставки под горячее или элементы садового декора."
"Как дать вторую жизнь старым конькам?","Сделать открывалку для бутылок, вешалку для украшений или элемент интерьера."
"Что сделать с ненужными пластиковыми бутылками от сока?","Создать систему капельного полива, кормушку для птиц или контейнеры для хранения."
"Как использовать старые джинсовые жилеты?","Сшить сумку, сделать чехол для подушки или коврик в прихожую."
"Что сделать с пустыми тюбиками от крема для рук?","Хранить в них бальзам для губ, использовать как мини-контейнер для путешествий или сделать дозатор."
"Как дать вторую жизнь старым лыжным очкам?","Сделать рамку для фото, элемент декора в стиле ретро или основу для солнечных очков."
"Что сделать с ненужными пластиковыми бутылками от моющего средства?","Создать лейку для сада, контейнер для хранения или систему полива комнатных растений."
"Как использовать старые кожаные куртки?","Сшить кошельки, чехлы для гаджетов или сделать обивку для мебели."
"Что сделать с битыми фарфоровыми чайниками?","Создать кашпо для цветов, декоративный светильник или элемент садового декора."
"Как дать вторую жизнь старым теннисным мячам?","Сделать массажер для ног, ножки для стульев или игрушку для собаки."
"Что сделать с ненужными пластиковыми бутылками от воды?","Создать вертикальный сад, систему капельного полива или кормушку для птиц."
"Как использовать старые вязаные шарфы?","Сшить чехол для ноутбука, сделать теплые варежки или декоративную гирлянду."
"Что сделать с пустыми тюбиками от косметики?","Хранить в них специи, использовать как мини-контейнеры для путешествий или сделать палитру для красок."
"Как дать вторую жизнь старым конькам?","Сделать держатель для ключей, элемент декора в прихожей или основу для светильника."
"Что сделать с ненужными пластиковыми бутылками от шампуня?","Создать систему хранения инструментов, мини-лейку или контейнер для ниток."
"Как использовать старые джинсовые шорты?","Сшить сумку, сделать коврик или чехол для ноутбука."
"Что сделать с битыми стеклянными банками?","Использовать как подсвечники, вазы для сухоцветов или элементы мозаики."
"Как дать вторую жизнь старым теннисным ракеткам?","Сделать зеркало, подставку для сервировки или основу для настенных часов."
"Что сделать с ненужными пластиковыми стаканчиками от йогурта?","Создать систему для рассады, органайзер для мелочей или подставки для карандашей."
"Как использовать старые шерстяные носки?","Сделать грелку для чайника, чехол для стакана или игрушку для кота."
"Что сделать с пустыми тюбиками от зубной пасты?","Использовать как мини-шприц для клея, хранить нитки или сделать дозатор для соусов."
"Как дать вторую жизнь старым конькам?","Сделать держатель для украшений, подставку для ножей или элемент декора."
"Что сделать с ненужными пластиковыми бутылками от воды?","Создать систему хранения круп, кормушку для птиц или мини-теплицу."
"Как использовать старые джинсовые куртки?","Сшить сумки, чехлы для подушек или сделать обивку для табурета."
"Что сделать с битыми фарфоровыми блюдцами?","Создать подставки под горячее, элементы мозаики или мини-подсвечники."
"Как дать вторую жизнь старым конькам?","Сделать держатель для ключей, элемент декора в прихожей или основу для светильника."
"Что сделать с ненужными пластиковыми бутылками от молока?","Создать кормушку для птиц, систему полива или контейнеры для хранения инструментов."
"Как использовать старые кожаные ремни?","Сделать ручку для сумки, обивку для табурета или держатель для журналов."
"Что сделать с пустыми тюбиками от клея?","Использовать как дозатор для жидкого мыла, хранить мелкие детали или сделать мини-кисточку."
"Как дать вторую жизнь старым лыжным палкам?","Сделать вешалку, опору для вьющихся растений или ручки для ящиков."
"Что сделать с ненужными пластиковыми контейнерами от мороженого?","Создать систему хранения мелких предметов, мини-горшки для растений или подставки для канцелярии."
"Как использовать старые шерстяные шапки?","Сшить чехол для термоса, сделать теплые варежки или декоративные подушки."
"Что сделать с битыми керамическими кружками?","Создать мозаичное панно, подставки под горячее или элементы садового декора."
"Как дать вторую жизнь старым конькам?","Сделать открывалку для бутылок, вешалку для украшений или элемент интерьера."
"Что сделать с ненужными пластиковыми бутылками от сока?","Создать систему капельного полива, кормушку для птиц или контейнеры для хранения."
"Как использовать старые джинсовые жилеты?","Сшить сумку, сделать чехол для подушки или коврик в прихожую."
"какой самый необычный предмет можно переработать","Удивительно, но старые зубные щётки и тюбики от пасты тоже принимают на переработку в специальных пунктах!"
"что самое странное делают из мусора","Из переработанного пластика делают даже футболки, ковры и... скамейки для парков!"
"знаешь ли ты что-то удивительное про мусор","Каждый год люди выбрасывают столько мусора, что им можно 10 раз заполнить футбольный стадион до крыши!"
"что тебя больше всего удивило в переработке","Факт: стеклянная бутылка разлагается 4000 лет, но может быть переработана мгновенно!"
"расскажи забавный факт о вторсырье","Знаете ли вы, что 700 алюминиевых банок — это велосипед, а 25 пластиковых бутылок — куртка?"
"что смешного в переработке","В Швеции настолько хорошо налажена переработка, что они импортируют мусор из других стран!"  
"что мало кто знает о переработке","Мало кто знает, что наклейки на фруктах (стикеры) — это тоже мусор, который мешает переработке!"
"какой миф о переработке самый распространенный","Самый популярный миф: что грязную упаковку нельзя сдавать. На самом деле её переработают, но лучше мыть!"
"расскажи как сказку про переработку","Жила-была пластиковая бутылка. Её выбросили в жёлтый контейнер, и она превратилась... в красивую куртку!"
"как объяснить ребёнку про мусор","Представь: каждая сданная батарейка — это спасённый ёжик в лесу, который больше не отравится!"
"почему я должен этим заниматься","Каждый раз, сдавая мусор раздельно, ты даёшь вторую жизнь вещам и делаешь планету чище!"
"что я теряю не сортируя мусор","Не сортируя мусор, ты теряешь: 1) деньги (вторсырьё ценится), 2) чистый воздух, 3) своё здоровье"
"как работает завод по переработке","1) Сортировка 2) Очистка 3) Измельчение 4) Плавление 5) Создание новых изделий"
"почему разные пластики сортируют отдельно","Разные виды пластика плавятся при разной температуре — смешивать их нельзя!"
"почему пластиковые бутылки нужно сминать перед сдачей","Это экономит 80% места при транспортировке и хранении."
"какой пластик нельзя перерабатывать","PVC (3), PS (6) и OTHER (7) — они содержат токсичные добавки или сложны в переработке."
"что делают из переработанного алюминия","Новые банки, детали для авто и даже велосипедные рамы."
"почему стеклянные банки нужно сдавать без крышек","Крышки делают из другого материала (металл/пластик), их перерабатывают отдельно."
"как отличить переработанную бумагу","По шероховатой поверхности и сероватому оттенку — в ней нет отбеливателей."
"почему тетрапак не принимают с макулатурой","Это многослойный материал (бумага+алюминий+пластик), требующий особой переработки."
"что означает маркировка 1 на пластике","PET — полиэтилентерефталат, самый распространенный перерабатываемый пластик."
"почему черный пластик не перерабатывают","Черный краситель мешает оптическим датчикам на сортировочных линиях."
"как перерабатывают электронику","Разбирают на компоненты, извлекают драгметаллы, пластик и стекло перерабатывают отдельно."
"почему алюминиевые банки ценятся","Их переплавка экономит 95% энергии compared с производством нового алюминия."
"что такое downcycling","Переработка с понижением качества (например, пластик в синтепон)."
"как работает химическая переработка пластика","Пластик расщепляют на молекулы, получая сырьё для нового производства."
"что такое прессование отходов","Уплотнение мусора в брикеты для удобства транспортировки."
"как сортируют мусор на заводе","Магниты — металл, воздушные потоки — лёгкие материалы, ИИ-камеры — типы пластика."
"почему переработка бумаги требует воды","Чтобы отделить волокна целлюлозы от краски и примесей."
"что такое грануляция пластика","Расплавленный пластик нарезают на гранулы для нового производства."
"как перерабатывают органические отходы","Компостирование или биогазовые установки."
"что делают с неперерабатываемым мусором","Захоронение на полигонах или сжигание с получением энергии."
"почему переработка стекла экологична","Не требует химикатов и сохраняет 100% свойств материала."
"что такое zero waste","Концепция безотходного образа жизни через reuse-reduce-recycle."
"сколько нефти экономит переработка 1 тонны пластика","Около 800 кг нефти."
"как мусор влияет на океаны","Ежегодно 8 млн тонн пластика убивают 100 тыс. морских животных."
"почему свалки опасны для климата","Выделяют метан — газ с парниковым эффектом в 25 раз сильнее CO₂."
"сколько деревьев спасает тонна макулатуры","17 взрослых деревьев."
"почему батарейки нельзя выбрасывать","Одна батарейка загрязняет 20 м² земли тяжёлыми металлами."
"как долго разлагается пластик","450-1000 лет в зависимости от типа."
"что такое микропластик","Частицы меньше 5 мм, накапливающиеся в воде и организме человека."
"почему сжигание мусора вредно","Выделяет диоксины, вызывающие рак и мутации."
"как отходы влияют на здоровье","Токсины попадают в воду/воздух, вызывая аллергии и болезни лёгких."
"что такое углеродный след мусора","Количество CO₂, выделяемое при производстве и утилизации товара."
"какую страну называют королём переработки","Швецию — они перерабатывают 99% отходов и импортируют мусор."
"что делают из переработанных покрышек","Беговые дорожки, футбольные поля и асфальт."
"как грибы помогают переработке","Некоторые виды разлагают пластик за 3 месяца."
"что такое пластиковые дороги","Дороги из переработанного пластика в 10 раз долговечнее асфальта."
"как дроны следят за свалками","Обнаруживают незаконные свалки с помощью тепловизоров."
"что делают из переработанных рыболовных сетей","Ковры, спортивную одежду и даже очки."
"как блокчейн используют в переработке","Для отслеживания цепочки движения вторсырья."
"что такое эко-кирпичи","Пластиковые бутылки, набитые другим мусором для строительства."
"как ИИ сортирует мусор","Нейросети распознают типы материалов с точностью до 95%."
"что делают из переработанных CD-дисков","Солнечные панели и детали для автомобилей."
"что такое расширенная ответственность производителей","Обязанность компаний утилизировать упаковку своих товаров."
"как работает залоговая система","Доплата за тару, возвращаемая при сдаче на переработку."
"что такое экологический сбор","Платеж производителей на развитие перерабатывающей инфраструктуры."
"как организовать раздельный сбор в офисе","Поставить контейнеры с понятной маркировкой и инструкцией."
"что такое greenwashing","Обман о "экологичности" продукта без реальных оснований."
"как отличить биоразлагаемый пластик","Ищите маркировки: OK compost, Seedling или ГОСТ Р 54530-2011."
"почему в Японии 10+ категорий мусора","Для максимального извлечения вторсырья — их уровень переработки 65%."
"что такое жизненный цикл продукта","Анализ эковоздействия от производства до утилизации."
"как работают фандоматы","Автоматы принимают тару, взвешивают и выдают вознаграждение."
"что такое RDF-топливо","Топливо из отходов для цементных заводов."
"как сделать компост на балконе","Используйте герметичный контейнер с бактериями и регулярно перемешивайте."
"что нельзя класть в домашний компост","Мясо, молочку и цитрусы — они вызывают гниение."
"как уменьшить мусор от покупок","Используйте многоразовые мешочки для круп и овощей."
"чем заменить пищевую плёнку","Восковыми салфетками или силиконовыми крышками."
"как стирать без микропластика","Используйте мешок Guppyfriend или выбирайте натуральные ткани."
"что такое zero waste косметика","Средства в перерабатываемой упаковке или вообще без неё."
"как хранить продукты без пластика","В стеклянных банках, экомешочках или beeswax wraps."
"чем опасны капсулы для кофе","Алюминиевые и пластиковые капсулы сложно перерабатывать."
"как выбрать экологичную зубную щётку","С бамбуковой ручкой и сменными насадками."
"что делать с использованными батарейками","Сдавать в спецконтейнеры (часто есть в магазинах электроники)."
"как перерабатывают солнечные панели","Извлекают кремний, стекло и алюминий для повторного использования."
"что делают из старых ветряков","Лопасти — в стройматериалы, металл — на переплавку."
"как утилизируют электромобильные аккумуляторы","Разбирают для извлечения лития, кобальта и никеля."
"что такое пиролиз мусора","Разложение отходов без кислорода с получением газа и мазута."
"как работает мусоросжигательный завод","Сжигает мусор при 1000°C с фильтрацией выбросов и выработкой энергии."
"что делают из переработанных медицинских масок","Дорожное покрытие и пластиковые изделия."
"как перерабатывают бетон","Дробят в щебень для нового строительства."
"что такое urban mining","Добыча ценных материалов из городского мусора вместо рудников."
"как работают пневмомусоропроводы","Отходы всасываются вакуумом по подземным трубам."
"что делают из переработанных подгузников","Целлюлозу для бумаги и пластик для стройматериалов."
"как борются с мусором в Швейцарии","Штрафы до 300€ за неправильную сортировку и 99% переработки."
"что такое система deposit в Германии","Залог 0.25€ за тару, возвращаемый при сдаче."
"как в Японии сортируют мусор","На 10+ категорий с обязательной мойкой и расписанием вывоза."
"почему в Швеции нет свалок","Сжигают 50% мусора для энергии, остальное перерабатывают."
"что такое upcycling в дизайне","Создание более ценных вещей из мусора (например, мебель из паллет)."
"как в Южной Корее сократили мусор на 40%","Ввели обязательные биоразлагаемые пакеты и RFID-метки на мешках."
"что такое circular economy","Экономика замкнутого цикла, где отходы = ресурсы для нового производства."
"как в Сан-Франциско добились 80% переработки","Обязательный раздельный сбор и запрет одноразового пластика."
"что делает Норвегия с пластиковыми бутылками","Перерабатывает 97% через систему залоговых автоматов."
"как в Индии используют пластиковые отходы","Добавляют в асфальт — такие дороги служат в 3 раза дольше."
"как объяснить ребёнку про переработку","Сравните с Lego: из старых деталей можно построить новое."
"что сделать из коробки от хлопьев","Домик для кукол, органайзер или кормушку для птиц."
"как играть без пластиковых игрушек","Использовать деревянные игрушки или делать свои из картона."
"почему экопривычки — это круто","Это как быть супергероем, который спасает планету."
"что такое экологический след","Отпечаток, который каждый оставляет на Земле своими действиями."
"как устроить eco-friendly день рождения","Многоразовая посуда, подарки без упаковки и handmade украшения."
"что делать с старыми карандашами","Сделать рамку для фото или мини-горшки для суккулентов."
"как сделать копилку из бутылки","Разрезать, украсить и использовать для сбора монет."
"почему нельзя выбрасывать игрушки","Их можно отдать другим детям или переделать во что-то новое."
"что такое green school","Школа, где учат беречь природу и сортировать мусор."
"можно ли переработать воздушные шарики","Нет — латекс разлагается 4 года, а фольгированные вообще не перерабатываются."
"что делать с прокладками и тампонами","Только утилизировать — существуют специальные контейнеры."
"как утилизировать контактные линзы","Некоторые бренды (Bausch+Lomb) принимают на переработку."
"почему нельзя сдавать ламинированную бумагу","Пластиковый слой мешает переработке целлюлозы."
"что делать с вощёной бумагой","Только компостировать — воск не отделяется при переработке."
"можно ли переработать наклейки на фруктах","Нет — это термобумага с клеем, её нужно выбрасывать."
"как утилизировать сигаретные окурки","Специальные пункты приёма превращают их в пластиковые плиты."
"что делать с использованными салфетками","Компостировать (если нет синтетики) или выбрасывать."
"можно ли переработать термобумагу (чеки)","Нет — она содержит бисфенол А, опасный для переработки."
"что делать с использованными подгузниками","Специальные заводы стерилизуют и перерабатывают в стройматериалы."